﻿Designator,Footprint,Quantity,Value,LCSC Part #
"C1, C3",CAPC3225X270N,2,22uF,
"C2, C4",CAP_CL10_SAM,2,10uF,
J1,SolderWire-0.1sqmm_1x04_P3.6mm_D0.4mm_OD1mm,1,Conn_01x04_Socket,
J2,TAG_TC2030-IDC-NL,1,TC2030-IDC-NL,
"R1, R3",RESC0603X26N,2,500,
R2,RESC1005X40N,1,1400,
R4,RESC1005X40N,1,800,
R5,RES_ERJ-2GEJ431X,1,430,
"TP1, TP2, TP3",TestPoint_Pad_1.0x1.0mm,3,TestPoint,
"U1, U2",SOT229P700X180-4N,2,~,
U3,SOT95P280X145-5N,1,SN74LV1T34DBVRG4,
U4,ESP32-WROOM-32D,1,ESP32-WROOM-32E,
U5,XT30UPB-M,1,XT30UPB-M,
